{"kernel": "ESPM", "stocks": ["sh000905", "sz399006", "sz000922"], "day_back": 15, "EXPMA": 3263.5514528633134, "sec_EXPMA": 4166.208959297325, "tri_EXPMA": 4241.732543941036, "kind": ["ESPM", "VAR"]}