{"kernel": "ESPM", "stocks": ["sh000905", "sz399006"], "day_back": 30, "EXPMA": 5457.227846371504, "sec_EXPMA": 5868.448991381905, "tri_EXPMA": 5897.117052255843, "kind": ["ESPM", "VAR"]}